{
  "H": [
    [
      0.7071067811865475,
      0.0
    ],
    [
      0.7071067811865475,
      0.0
    ],
    [
      0.7071067811865475,
      0.0
    ],
    [
      -0.7071067811865475,
      0.0
    ]
  ],
  "I": [
    [
      1.0,
      0.0
    ],
    [
      0.0,
      0.0
    ],
    [
      0.0,
      0.0
    ],
    [
      1.0,
      0.0
    ]
  ],
  "S": [
    [
      1.0,
      0.0
    ],
    [
      0.0,
      0.0
    ],
    [
      0.0,
      0.0
    ],
    [
      0.0,
      1.0
    ]
  ],
  "SX": [
    [
      0.5,
      0.5
    ],
    [
      0.5,
      -0.5
    ],
    [
      0.5,
      -0.5
    ],
    [
      0.5,
      0.5
    ]
  ],
  "SXdg": [
    [
      0.5,
      -0.5
    ],
    [
      0.5,
      0.5
    ],
    [
      0.5,
      0.5
    ],
    [
      0.5,
      -0.5
    ]
  ],
  "Sdg": [
    [
      1.0,
      0.0
    ],
    [
      0.0,
      0.0
    ],
    [
      0.0,
      0.0
    ],
    [
      -0.0,
      -1.0
    ]
  ],
  "T": [
    [
      1.0,
      0.0
    ],
    [
      0.0,
      0.0
    ],
    [
      0.0,
      0.0
    ],
    [
      0.7071067811865476,
      0.7071067811865475
    ]
  ],
  "Tdg": [
    [
      1.0,
      0.0
    ],
    [
      0.0,
      0.0
    ],
    [
      0.0,
      0.0
    ],
    [
      0.7071067811865476,
      -0.7071067811865475
    ]
  ],
  "X": [
    [
      0.0,
      0.0
    ],
    [
      1.0,
      0.0
    ],
    [
      1.0,
      0.0
    ],
    [
      0.0,
      0.0
    ]
  ],
  "Y": [
    [
      0.0,
      0.0
    ],
    [
      -0.0,
      -1.0
    ],
    [
      0.0,
      1.0
    ],
    [
      0.0,
      0.0
    ]
  ],
  "Z": [
    [
      1.0,
      0.0
    ],
    [
      0.0,
      0.0
    ],
    [
      0.0,
      0.0
    ],
    [
      -1.0,
      0.0
    ]
  ]
}